{
	"dashboard"                :true,
	"inbox"                    :true,
	"cloud"                    :true,
	"bell"                     :true,
	"book"                     :true,
	"bookmark"                 :true,
	"tag"                      :true,
	"library"                  :true,
	"share"                    :true,
	"reply"                    :true,
	"refresh"                  :true,
	"move"                     :true,
	
	"chat"                     :true,
	"chat-working"             :true,
	"chat-text"                :true,
	"chat-group"               :true,
        "envelope"                 :true,
	"envelope-open"            :true,
	"user"                     :true,
	"user-circle"              :true,
	"users"                    :true,
	"user-add"                 :true,
	
	"grid-9"                   :true,
	"grid-4"                   :true,
	"menu"                     :true,
	"layout"                   :true,
	"fullscreen"               :true,
	"fullscreen-exit"          :true,
	"expand"                   :true,
	"contract"                 :true,
	"arrow-expand"             :true,
	"arrow-shrink"             :true,
	
	"desktop"                  :true,
	"mobile"                   :true,
	"signal"                   :true,
	"power"                    :true,
	"more-horizontal"          :true,
	"more-vertical"            :true,
	"globe"                    :true,
	"map"                      :true,
	"flag"                     :true,
	
	"pie-chart"                :true,
	"stats-bars"               :true,
	"pluse"                    :true,
	"home"                     :true,
	"shopping-cart"            :true,
	"dollar"                   :true,
	"payment"                  :true,
	"briefcase"                :true,
	"search"                   :true,
	"zoom-in"                  :true,
	"zoom-out"                 :true,
	
	"download"                 :true,
	"upload"                   :true,
	"sort-asc"                 :true,
	"sort-des"                 :true,
	"graph-up"                 :true,
	"graph-down"               :true,
	"replay"                   :true,
	
	"edit"                     :true,
	"pencil"                   :true,
	"rubber"                   :true,
	"crop"                     :true,
	"eye"                      :true,
	"eye-close"                :true,
	"image"                    :true,
	"gallery"                  :true,
	"video"                    :true,
	"camera"                   :true,
	
	"folder"                   :true,
	"clipboard"                :true,
	"order"                    :true,
	"file"                     :true,
	"copy"                     :true,
	"add-file"                 :true,
	"print"                    :true,
	"calendar"                 :true,
	"time"                     :true,
	"trash"                    :true,
	
	"plugin"                   :true,
	"extension"                :true,
	"memory"                   :true,
	"settings"                 :true,
	"scissor"                  :true,
	"wrench"                   :true,
	"hammer"                   :true,
	"lock"                     :true,
	"unlock"                   :true,
	
	"volume-low"               :true,
	"volume-high"              :true,
	"volume-off"               :true,
	"pause"                    :true,
	"play"                     :true,
	"stop"                     :true,
	"musical"                  :true,
	"random"                   :true,
	"reload"                   :true,
	"loop"                     :true,
	
	"text"                     :true,
	"bold"                     :true,
	"italic"                   :true,
	"underline"                :true,
	"format-clear"             :true,
	"text-type"                :true,
	"table"                    :true,
	"attach-file"              :true,
	"paperclip"                :true,
	"link-intact"              :true,
	"link"                     :true,
	"link-broken"              :true,
	"heading"                  :true,
	
	"indent-increase"          :true,
	"indent-decrease"          :true,
	"align-justify"            :true,
	"align-left"               :true,
	"align-center"             :true,
	"align-right"              :true,
	"list-numbered"            :true,
	"list-bulleted"            :true,
	"list"                     :true,
	"emoticon"                 :true,
	
	"quote-right"              :true,
	"quote-left "              :true,
	"code"                     :true,
	"code-working"             :true,
	"code-unfold"              :true,
	
	"chevron-right"            :true,
	"chevron-left"             :true,
	"chevron-left-mini"        :true,
	"chevron-right-mini"       :true,
	"chevron-up"               :true,
	"chevron-down"             :true,
	"chevron-up-mini"          :true,
	"chevron-down-mini"        :true,
	"arrow-left"               :true,
	"arrow-right"              :true,
	"arrow-up"                 :true,
	"arrow-down"               :true,
	
	"dropdown"                 :true,
	"dropup"                   :true,
	"dropright"                :true,
	"dropleft"                 :true,
	"sort-vertical"            :true,
	"triangle-left"            :true,
	"triangle-right"           :true,
	"triangle-down"            :true,
	"triangle-up"              :true,
	
	"check-circle"             :true,
	"check"                    :true,
	"check-mini"               :true,
	"close-circle"             :true,
	"close"                    :true,
	"close-mini"               :true,
	"plus-circle"              :true,
	"plus"                     :true,
	"minus-circle"             :true,
	"minus"                    :true,
	
	"alert-circle"             :true,
	"alert"                    :true,
	"help-circle"              :true,
	"help"                     :true,
	"info-circle"              :true,
	"info"                     :true,
	"warning"                  :true,
	
	"heart"                    :true,
	"heart-outline"            :true,
	"star"                     :true,
	"star-half"                :true,
	"star-outline"             :true,
	"thumb-up"                 :true,
	"thumb-down"               :true,
	"small-point"              :true,
	"medium-point"             :true,
	"large-point"              :true
	
}
